char,name,replacement,codepoint,mufidecode
Ô,LATIN CAPITAL LETTER O WITH CIRCUMFLEX,,00D4,O
J,LATIN CAPITAL LETTER J,,004A,J
û,LATIN SMALL LETTER U WITH CIRCUMFLEX,,00FB,u
{,LEFT CURLY BRACKET,,007B,{
œ,LATIN SMALL LIGATURE OE,oe,0153,oe
=,EQUALS SIGN,,003D,=
.,FULL STOP,,002E,.
Â,LATIN CAPITAL LETTER A WITH CIRCUMFLEX,,00C2,A
Ĉ,LATIN CAPITAL LETTER C WITH CIRCUMFLEX,,0108,C
4,DIGIT FOUR,,0034,4
n,LATIN SMALL LETTER N,,006E,n
E,LATIN CAPITAL LETTER E,,0045,E
O,LATIN CAPITAL LETTER O,,004F,O
x,LATIN SMALL LETTER X,,0078,x
3,DIGIT THREE,,0033,3
S,LATIN CAPITAL LETTER S,,0053,S
-,HYPHEN-MINUS,,002D,-
b,LATIN SMALL LETTER B,,0062,b
",",COMMA,,002C,","
v,LATIN SMALL LETTER V,,0076,v
i,LATIN SMALL LETTER I,,0069,i
Ç,LATIN CAPITAL LETTER C WITH CEDILLA,,00C7,C
',APOSTROPHE,,0027,'
Ŝ,LATIN CAPITAL LETTER S WITH CIRCUMFLEX,,015C,S
L,LATIN CAPITAL LETTER L,,004C,L
ï,LATIN SMALL LETTER I WITH DIAERESIS,,00EF,i
é,LATIN SMALL LETTER E WITH ACUTE,,00E9,e
h,LATIN SMALL LETTER H,,0068,h
È,LATIN CAPITAL LETTER E WITH GRAVE,,00C8,E
è,LATIN SMALL LETTER E WITH GRAVE,,00E8,e
ù,LATIN SMALL LETTER U WITH GRAVE,,00F9,u
D,LATIN CAPITAL LETTER D,,0044,D
ç,LATIN SMALL LETTER C WITH CEDILLA,,00E7,c
;,SEMICOLON,,003B,;
(,LEFT PARENTHESIS,,0028,(
M,LATIN CAPITAL LETTER M,,004D,M
→,RIGHTWARDS ARROW,,2192,-
Ù,LATIN CAPITAL LETTER U WITH GRAVE,,00D9,U
Ë,LATIN CAPITAL LETTER E WITH DIAERESIS,,00CB,E
ô,LATIN SMALL LETTER O WITH CIRCUMFLEX,,00F4,o
ê,LATIN SMALL LETTER E WITH CIRCUMFLEX,,00EA,e
Ŭ,LATIN CAPITAL LETTER U WITH BREVE,,016C,U
f,LATIN SMALL LETTER F,,0066,f
Û,LATIN CAPITAL LETTER U WITH CIRCUMFLEX,,00DB,U
A,LATIN CAPITAL LETTER A,,0041,A
z,LATIN SMALL LETTER Z,,007A,z
],RIGHT SQUARE BRACKET,,005D,]
^,CIRCUMFLEX ACCENT,,005E,^
Q,LATIN CAPITAL LETTER Q,,0051,Q
6,DIGIT SIX,,0036,6
̈,COMBINING DIAERESIS,,0308,
â,LATIN SMALL LETTER A WITH CIRCUMFLEX,,00E2,a
g,LATIN SMALL LETTER G,,0067,g
~,TILDE,,007E,~
[,LEFT SQUARE BRACKET,,005B,[
À,LATIN CAPITAL LETTER A WITH GRAVE,,00C0,A
C,LATIN CAPITAL LETTER C,,0043,C
́,COMBINING ACUTE ACCENT,,0301,
s,LATIN SMALL LETTER S,,0073,s
̂,COMBINING CIRCUMFLEX ACCENT,,0302,
8,DIGIT EIGHT,,0038,8
N,LATIN CAPITAL LETTER N,,004E,N
7,DIGIT SEVEN,,0037,7
o,LATIN SMALL LETTER O,,006F,o
Y,LATIN CAPITAL LETTER Y,,0059,Y
1,DIGIT ONE,,0031,1
ĵ,LATIN SMALL LETTER J WITH CIRCUMFLEX,,0135,j
î,LATIN SMALL LETTER I WITH CIRCUMFLEX,,00EE,i
"""",QUOTATION MARK,,0022,""""
Z,LATIN CAPITAL LETTER Z,,005A,Z
#,NUMBER SIGN,,0023,#
>,GREATER-THAN SIGN,,003E,>
w,LATIN SMALL LETTER W,,0077,w
u,LATIN SMALL LETTER U,,0075,u
à,LATIN SMALL LETTER A WITH GRAVE,,00E0,a
R,LATIN CAPITAL LETTER R,,0052,R
t,LATIN SMALL LETTER T,,0074,t
e,LATIN SMALL LETTER E,,0065,e
<,LESS-THAN SIGN,,003C,<
°,DEGREE SIGN,,00B0,*
H,LATIN CAPITAL LETTER H,,0048,H
X,LATIN CAPITAL LETTER X,,0058,X
V,LATIN CAPITAL LETTER V,,0056,V
’,RIGHT SINGLE QUOTATION MARK,',2019,'
m,LATIN SMALL LETTER M,,006D,m
p,LATIN SMALL LETTER P,,0070,p
y,LATIN SMALL LETTER Y,,0079,y
q,LATIN SMALL LETTER Q,,0071,q
j,LATIN SMALL LETTER J,,006A,j
Ĥ,LATIN CAPITAL LETTER H WITH CIRCUMFLEX,,0124,H
l,LATIN SMALL LETTER L,,006C,l
!,EXCLAMATION MARK,,0021,!
0,DIGIT ZERO,,0030,0
/,SOLIDUS,,002F,/
G,LATIN CAPITAL LETTER G,,0047,G
d,LATIN SMALL LETTER D,,0064,d
–,EN DASH,-,2013,
*,ASTERISK,,002A,*
k,LATIN SMALL LETTER K,,006B,k
2,DIGIT TWO,,0032,2
⋎,CURLY LOGICAL OR,,22CE,[UNKNOWN]
É,LATIN CAPITAL LETTER E WITH ACUTE,,00C9,E
c,LATIN SMALL LETTER C,,0063,c
T,LATIN CAPITAL LETTER T,,0054,T
—,EM DASH,-,2014,
…,HORIZONTAL ELLIPSIS,...,2026,
),RIGHT PARENTHESIS,,0029,)
Ê,LATIN CAPITAL LETTER E WITH CIRCUMFLEX,,00CA,E
5,DIGIT FIVE,,0035,5
B,LATIN CAPITAL LETTER B,,0042,B
Ĵ,LATIN CAPITAL LETTER J WITH CIRCUMFLEX,,0134,J
+,PLUS SIGN,,002B,+
ë,LATIN SMALL LETTER E WITH DIAERESIS,,00EB,e
K,LATIN CAPITAL LETTER K,,004B,K
9,DIGIT NINE,,0039,9
̀,COMBINING GRAVE ACCENT,,0300,
:,COLON,,003A,:
Ï,LATIN CAPITAL LETTER I WITH DIAERESIS,,00CF,I
%,PERCENT SIGN,,0025,%
r,LATIN SMALL LETTER R,,0072,r
W,LATIN CAPITAL LETTER W,,0057,W
̧,COMBINING CEDILLA,,0327,
?,QUESTION MARK,,003F,?
U,LATIN CAPITAL LETTER U,,0055,U
P,LATIN CAPITAL LETTER P,,0050,P
F,LATIN CAPITAL LETTER F,,0046,F
a,LATIN SMALL LETTER A,,0061,a
I,LATIN CAPITAL LETTER I,,0049,I
