char,name,replacement,codepoint,mufidecode
ç,LATIN SMALL LETTER C WITH CEDILLA,,00E7,c
à,LATIN SMALL LETTER A WITH GRAVE,,00E0,a
J,LATIN CAPITAL LETTER J,,004A,J
L,LATIN CAPITAL LETTER L,,004C,L
/,SOLIDUS,,002F,/
!,EXCLAMATION MARK,,21,!
—,EM DASH,-,2014,
D,LATIN CAPITAL LETTER D,,44,D
l,LATIN SMALL LETTER L,,006C,l
T,LATIN CAPITAL LETTER T,,54,T
B,LATIN CAPITAL LETTER B,,42,B
9,DIGIT NINE,,39,9
Q,LATIN CAPITAL LETTER Q,,51,Q
C,LATIN CAPITAL LETTER C,,43,C
È,LATIN CAPITAL LETTER E WITH GRAVE,,00C8,E
Ï,LATIN CAPITAL LETTER I WITH DIAERESIS,,00CF,I
[,LEFT SQUARE BRACKET,,005B,[
P,LATIN CAPITAL LETTER P,,50,P
8,DIGIT EIGHT,,38,8
*,ASTERISK,,002A,*
:,COLON,,003A,:
0,COMMA,,002C,0
S,LATIN CAPITAL LETTER S,,53,S
â,LATIN SMALL LETTER A WITH CIRCUMFLEX,,00E2,a
,APOSTROPHE,',27,
ô,LATIN SMALL LETTER O WITH CIRCUMFLEX,,00F4,o
Ë,LATIN CAPITAL LETTER E WITH DIAERESIS,,00CB,E
^,CIRCUMFLEX ACCENT,,005E,^
H,LATIN CAPITAL LETTER H,,48,H
À,LATIN CAPITAL LETTER A WITH GRAVE,,00C0,A
v,LATIN SMALL LETTER V,,76,v
"""",QUOTATION MARK,,22,""""
?,QUESTION MARK,,003F,?
ï,LATIN SMALL LETTER I WITH DIAERESIS,,00EF,i
<,LESS-THAN SIGN,,003C,<
0,DIGIT ZERO,,30,0
̈,COMBINING DIAERESIS,,308,
R,LATIN CAPITAL LETTER R,,52,R
Ù,LATIN CAPITAL LETTER U WITH GRAVE,,00D9,U
4,DIGIT FOUR,,34,4
⋎,CURLY LOGICAL OR,,22CE,[UNKNOWN]
Y,LATIN CAPITAL LETTER Y,,59,Y
́,COMBINING ACUTE ACCENT,,301,
j,LATIN SMALL LETTER J,,006A,j
g,LATIN SMALL LETTER G,,67,g
.,FULL STOP,,002E,.
V,LATIN CAPITAL LETTER V,,56,V
p,LATIN SMALL LETTER P,,70,p
3,DIGIT THREE,,33,3
7,DIGIT SEVEN,,37,7
=,EQUALS SIGN,,003D,=
;,SEMICOLON,,003B,;
y,LATIN SMALL LETTER Y,,79,y
Ĉ,LATIN CAPITAL LETTER C WITH CIRCUMFLEX,,108,C
d,LATIN SMALL LETTER D,,64,d
̀,COMBINING GRAVE ACCENT,,300,
z,LATIN SMALL LETTER Z,,007A,z
û,LATIN SMALL LETTER U WITH CIRCUMFLEX,,00FB,u
̧,COMBINING CEDILLA,,327,
°,DEGREE SIGN,,00B0,*
O,LATIN CAPITAL LETTER O,,004F,O
…,HORIZONTAL ELLIPSIS,...,2026,
G,LATIN CAPITAL LETTER G,,47,G
0,PLUS SIGN,,002B,0
–,EN DASH,-,2013,
é,LATIN SMALL LETTER E WITH ACUTE,,00E9,e
Ê,LATIN CAPITAL LETTER E WITH CIRCUMFLEX,,00CA,E
̂,COMBINING CIRCUMFLEX ACCENT,,302,
],RIGHT SQUARE BRACKET,,005D,]
Ô,LATIN CAPITAL LETTER O WITH CIRCUMFLEX,,00D4,O
œ,LATIN SMALL LIGATURE OE,oe,153,oe
Â,LATIN CAPITAL LETTER A WITH CIRCUMFLEX,,00C2,A
A,LATIN CAPITAL LETTER A,,41,A
-0,HYPHEN-MINUS,-,002D,-0
Ĵ,LATIN CAPITAL LETTER J WITH CIRCUMFLEX,,134,J
Ŝ,LATIN CAPITAL LETTER S WITH CIRCUMFLEX,,015C,S
X,LATIN CAPITAL LETTER X,,58,X
r,LATIN SMALL LETTER R,,72,r
ĵ,LATIN SMALL LETTER J WITH CIRCUMFLEX,,135,j
2,DIGIT TWO,,32,2
→,RIGHTWARDS ARROW,,2192,-0
m,LATIN SMALL LETTER M,,006D,m
’,RIGHT SINGLE QUOTATION MARK,',2019,
x,LATIN SMALL LETTER X,,78,x
t,LATIN SMALL LETTER T,,74,t
6,DIGIT SIX,,36,6
w,LATIN SMALL LETTER W,,77,w
%,PERCENT SIGN,,25,%
#,NUMBER SIGN,,23,#
(,LEFT PARENTHESIS,,28,(
Ç,LATIN CAPITAL LETTER C WITH CEDILLA,,00C7,C
k,LATIN SMALL LETTER K,,006B,k
É,LATIN CAPITAL LETTER E WITH ACUTE,,00C9,E
q,LATIN SMALL LETTER Q,,71,q
ë,LATIN SMALL LETTER E WITH DIAERESIS,,00EB,e
Ĥ,LATIN CAPITAL LETTER H WITH CIRCUMFLEX,,124,H
î,LATIN SMALL LETTER I WITH CIRCUMFLEX,,00EE,i
u,LATIN SMALL LETTER U,,75,u
i,LATIN SMALL LETTER I,,69,i
K,LATIN CAPITAL LETTER K,,004B,K
Û,LATIN CAPITAL LETTER U WITH CIRCUMFLEX,,00DB,U
f,LATIN SMALL LETTER F,,66,f
5,DIGIT FIVE,,35,5
ù,LATIN SMALL LETTER U WITH GRAVE,,00F9,u
Ŭ,LATIN CAPITAL LETTER U WITH BREVE,,016C,U
e,LATIN SMALL LETTER E,,65,e
Z,LATIN CAPITAL LETTER Z,,005A,Z
s,LATIN SMALL LETTER S,,73,s
n,LATIN SMALL LETTER N,,006E,n
),RIGHT PARENTHESIS,,29,)
W,LATIN CAPITAL LETTER W,,57,W
~,TILDE,,007E,~
N,LATIN CAPITAL LETTER N,,004E,N
b,LATIN SMALL LETTER B,,62,b
F,LATIN CAPITAL LETTER F,,46,F
ê,LATIN SMALL LETTER E WITH CIRCUMFLEX,,00EA,e
h,LATIN SMALL LETTER H,,68,h
1,DIGIT ONE,,31,1
>,GREATER-THAN SIGN,,003E,>
U,LATIN CAPITAL LETTER U,,55,U
{,LEFT CURLY BRACKET,,007B,{
M,LATIN CAPITAL LETTER M,,004D,M
a,LATIN SMALL LETTER A,,61,a
E,LATIN CAPITAL LETTER E,,45,E
c,LATIN SMALL LETTER C,,63,c
è,LATIN SMALL LETTER E WITH GRAVE,,00E8,e
I,LATIN CAPITAL LETTER I,,49,I
o,LATIN SMALL LETTER O,,006F,o
